{
  "component": true,
  "usingComponents": {
    "van-button": "/dist/button/index",
    "van-cell": "/dist/cell/index",
    "van-cell-group": "/dist/cell-group/index",
    "van-field": "/dist/field/index",
    "van-tab": "/dist/tab/index",
    "van-area": "/dist/area/index",
    "van-popup": "/dist/popup/index",
    "van-nav-bar": "/dist/nav-bar/index",
    "van-divider": "/dist/divider/index",
    "van-radio": "/dist/radio/index",
    "van-radio-group": "/dist/radio-group/index",
    "van-picker": "/dist/picker/index",
    "van-row": "/dist/row/index",
    "van-col": "/dist/col/index"
  }
}
